# ONGA term-id ledger. One row per id ever minted; ids are never reused.
#
# The allocation authority for ONGA_NNNNNNN term ids (next id = max + 1) and the
# only home of retired ids and former labels. Read and written through
# scripts/workbench/ids.py.
#
# Columns:
#   id             ONGA_NNNNNNN. On the permissible value as `meaning: onga:<id>`.
#   status         live | merged | deleted | faceted
#   enum           blank for live rows (src/ holds it); the last enum for retired rows
#   label          blank for live rows (src/ holds it); the last label for retired rows
#   replaced_by    for merged / faceted rows, the id(s) that absorbed it (|-joined)
#   former_labels  labels this id carried before a rename (|-joined)
#   decision       the DEC-NNNN or DECISIONS.md operation that set the status
id	status	enum	label	replaced_by	former_labels	decision
ONGA_0000001	live					
ONGA_0000002	live					
ONGA_0000003	live					
ONGA_0000004	live					
ONGA_0000005	live					
ONGA_0000006	live					
ONGA_0000007	live					
ONGA_0000008	live					
ONGA_0000009	live					
ONGA_0000010	live					
ONGA_0000011	live					
ONGA_0000012	live					
ONGA_0000013	live					
ONGA_0000014	live					
ONGA_0000015	live					
ONGA_0000016	live					
ONGA_0000017	live					
ONGA_0000018	live					
ONGA_0000019	live					
ONGA_0000020	live					
ONGA_0000021	live					
ONGA_0000022	live					
ONGA_0000023	live					
ONGA_0000024	live					
ONGA_0000025	live					
ONGA_0000026	live					
ONGA_0000027	live					
ONGA_0000028	live					
ONGA_0000029	live					
ONGA_0000030	live					
ONGA_0000031	live					
ONGA_0000032	live					
ONGA_0000033	live					
ONGA_0000034	live					
ONGA_0000035	live					
ONGA_0000036	live					
ONGA_0000037	live					
ONGA_0000038	live					
ONGA_0000039	live					
ONGA_0000040	live					
ONGA_0000041	live					
ONGA_0000042	live					
ONGA_0000043	live					
ONGA_0000044	live					
ONGA_0000045	live					
ONGA_0000046	live					
ONGA_0000047	live					
ONGA_0000048	live					
ONGA_0000049	live					
ONGA_0000050	live					
ONGA_0000051	live					
ONGA_0000052	live					
ONGA_0000053	live					
ONGA_0000054	live					
ONGA_0000055	live					
ONGA_0000056	live					
ONGA_0000057	live					
ONGA_0000058	live					
ONGA_0000059	live					
ONGA_0000060	live					
ONGA_0000061	live					
ONGA_0000062	live					
ONGA_0000063	live					
ONGA_0000064	live					
ONGA_0000065	live					
ONGA_0000066	live					
ONGA_0000067	live					
ONGA_0000068	live					
ONGA_0000069	live					
ONGA_0000070	live					
ONGA_0000071	live					
ONGA_0000072	live					
ONGA_0000073	live					
ONGA_0000074	live					
ONGA_0000075	live					
ONGA_0000076	live					
ONGA_0000077	live					
ONGA_0000078	live					
ONGA_0000079	live					
ONGA_0000080	live					
ONGA_0000081	live					
ONGA_0000082	live					
ONGA_0000083	live					
ONGA_0000084	live					
ONGA_0000085	live					
ONGA_0000086	live					
ONGA_0000087	live					
ONGA_0000088	live					
ONGA_0000089	live					
ONGA_0000090	live					
ONGA_0000091	live					
ONGA_0000092	live					
ONGA_0000093	live					
ONGA_0000094	live					
ONGA_0000095	live					
ONGA_0000096	live					
ONGA_0000097	live					
ONGA_0000098	live					
ONGA_0000099	live					
ONGA_0000100	live					
ONGA_0000101	live					
ONGA_0000102	live					
ONGA_0000103	live					
ONGA_0000104	live					
ONGA_0000105	live					
ONGA_0000106	live					
ONGA_0000107	live					
ONGA_0000108	live					
ONGA_0000109	live					
ONGA_0000110	live					
ONGA_0000111	live					
ONGA_0000112	live					
ONGA_0000113	live					
ONGA_0000114	live					
ONGA_0000115	live					
ONGA_0000116	live					
ONGA_0000117	live					
ONGA_0000118	live					
ONGA_0000119	live					
ONGA_0000120	live					
ONGA_0000121	live					
ONGA_0000122	live					
ONGA_0000123	live					
ONGA_0000124	live					
ONGA_0000125	live					
ONGA_0000126	live					
ONGA_0000127	live					
ONGA_0000128	live					
ONGA_0000129	live					
ONGA_0000130	live					
ONGA_0000131	live					
ONGA_0000132	live					
ONGA_0000133	live					
ONGA_0000134	live					
ONGA_0000135	live					
ONGA_0000136	live					
ONGA_0000137	live					
ONGA_0000138	live					
ONGA_0000139	live					
ONGA_0000140	live					
ONGA_0000141	live					
ONGA_0000142	live					
ONGA_0000143	live					
ONGA_0000144	live					
ONGA_0000145	live					
ONGA_0000146	live					
ONGA_0000147	live					
ONGA_0000148	live					
ONGA_0000149	live					
ONGA_0000150	live					
ONGA_0000151	live					
ONGA_0000152	live					
ONGA_0000153	live					
ONGA_0000154	live					
ONGA_0000155	live					
ONGA_0000156	live					
ONGA_0000157	live					
ONGA_0000158	live					
ONGA_0000159	live					
ONGA_0000160	live					
ONGA_0000161	live					
ONGA_0000162	live					
ONGA_0000163	live					
ONGA_0000164	live					
ONGA_0000165	live					
ONGA_0000166	live					
ONGA_0000167	live					
ONGA_0000168	live					
ONGA_0000169	live					
ONGA_0000170	live					
ONGA_0000171	live					
ONGA_0000172	live					
ONGA_0000173	live					
ONGA_0000174	live					
ONGA_0000175	live					
ONGA_0000176	live					
ONGA_0000177	live					
ONGA_0000178	live					
ONGA_0000179	live					
ONGA_0000180	live					
ONGA_0000181	live					
ONGA_0000182	live					
ONGA_0000183	live					
ONGA_0000184	live					
ONGA_0000185	live					
ONGA_0000186	live					
ONGA_0000187	live					
ONGA_0000188	live					
ONGA_0000189	live					
ONGA_0000190	live					
ONGA_0000191	live					
ONGA_0000192	live					
ONGA_0000193	live					
ONGA_0000194	live					
ONGA_0000195	live					
ONGA_0000196	live					
ONGA_0000197	live					
ONGA_0000198	live					
ONGA_0000199	live					
ONGA_0000200	live					
ONGA_0000201	live					
ONGA_0000202	live					
ONGA_0000203	live					
ONGA_0000204	live					
ONGA_0000205	live					
ONGA_0000206	live					
ONGA_0000207	live					
ONGA_0000208	live					
ONGA_0000209	live					
ONGA_0000210	live					
ONGA_0000211	live					
ONGA_0000212	live					
ONGA_0000213	live					
ONGA_0000214	live					
ONGA_0000215	live					
ONGA_0000216	live					
ONGA_0000217	live					
ONGA_0000218	live					
ONGA_0000219	live					
ONGA_0000220	live					
ONGA_0000221	live					
ONGA_0000222	live					
ONGA_0000223	live					
ONGA_0000224	live					
ONGA_0000225	live					
ONGA_0000226	live					
ONGA_0000227	live					
ONGA_0000228	live					
ONGA_0000229	live					
ONGA_0000230	live					
ONGA_0000231	live					
ONGA_0000232	live					
ONGA_0000233	live					
ONGA_0000234	live					
ONGA_0000235	live					
ONGA_0000236	live					
ONGA_0000237	live					
ONGA_0000238	live					
ONGA_0000239	live					
ONGA_0000240	live					
ONGA_0000241	live					
ONGA_0000242	live					
ONGA_0000243	live					
ONGA_0000244	live					
ONGA_0000245	live					
ONGA_0000246	live					
ONGA_0000247	live					
ONGA_0000248	live					
ONGA_0000249	live					
ONGA_0000250	live					
ONGA_0000251	live					
ONGA_0000252	live					
ONGA_0000253	live					
ONGA_0000254	live					
ONGA_0000255	live					
ONGA_0000256	live					
ONGA_0000257	live					
ONGA_0000258	live					
ONGA_0000259	live					
ONGA_0000260	live					
ONGA_0000261	live					
ONGA_0000262	live					
ONGA_0000263	live					
ONGA_0000264	live					
ONGA_0000265	live					
ONGA_0000266	live					
ONGA_0000267	live					
ONGA_0000268	live					
ONGA_0000269	live					
ONGA_0000270	live					
ONGA_0000271	live					
ONGA_0000272	live					
ONGA_0000273	live					
ONGA_0000274	live					
ONGA_0000275	live					
ONGA_0000276	live					
ONGA_0000277	live					
ONGA_0000278	live					
ONGA_0000279	live					
ONGA_0000280	live					
ONGA_0000281	live					
ONGA_0000282	live					
ONGA_0000283	live					
ONGA_0000284	live					
ONGA_0000285	live					
ONGA_0000286	live					
ONGA_0000287	live					
ONGA_0000288	live					
ONGA_0000289	live					
ONGA_0000290	live					
ONGA_0000291	live					
ONGA_0000292	live					
